ASSIGNEE_USER_KEY,BODY,COMPLETE_DATE,COMPLETE_USER_KEY,CONTENT_ID,CREATE_DATE,CREATOR_USER_KEY,DUE_DATE,GLOBAL_ID,ID,TASK_STATUS,UPDATE_DATE,SPACE_ID,CONTENT_VISIBLE,SPACE_VISIBLE,PAGE_TITLE
,"<span class=""placeholder-inline-tasks""><ac:placeholder>Type your action, use @ to assign to someone.</ac:placeholder></span>",,,16908298,2023-12-13 08:44:45.641,712020:116940f7-840c-45c8-b9be-cc9c4e18c33c,,67,1,UNCHECKED,,2785282,true,true,Retrospective: PSP2 Sprint 5
,"<span class=""placeholder-inline-tasks"">Create Jira issues if you’re doing something we didn’t plan</span>",,,5406752,2023-10-04 08:33:33.492,712020:6da66816-a4f9-4d28-9b57-bc99388f918a,,35,112,UNCHECKED,,2785282,true,true,2023-10-04 Meeting notes
,"<span class=""placeholder-inline-tasks"">Log hours</span>",,,5406752,2023-10-04 08:33:33.492,712020:6da66816-a4f9-4d28-9b57-bc99388f918a,,36,113,UNCHECKED,,2785282,true,true,2023-10-04 Meeting notes
,"<span class=""placeholder-inline-tasks"">Choose new secretary every week</span>",,,5406752,2023-10-04 08:33:33.492,712020:6da66816-a4f9-4d28-9b57-bc99388f918a,,37,114,UNCHECKED,,2785282,true,true,2023-10-04 Meeting notes
,,,,16941074,2023-12-13 09:05:45.346,712020:6da66816-a4f9-4d28-9b57-bc99388f918a,,68,16,UNCHECKED,,2785282,true,true,2023-12-13 Meeting notes
712020:09707e19-29ee-4956-a0db-affefd1c309f,"<span class=""placeholder-inline-tasks"">Remove TG token from GitLab <ac:link><ri:user ri:account-id=""712020:09707e19-29ee-4956-a0db-affefd1c309f"" /></ac:link> </span>",,,9732109,2023-11-03 12:57:33.617,712020:6da66816-a4f9-4d28-9b57-bc99388f918a,,51,32,UNCHECKED,,2785282,true,true,2023-11-03 Meeting notes
,,,,10715137,2023-11-08 09:21:41.941,712020:6da66816-a4f9-4d28-9b57-bc99388f918a,,52,34,UNCHECKED,,2785282,true,true,2023-11-08 Meeting notes
,,,,8192001,2023-10-25 08:23:10.941,712020:6da66816-a4f9-4d28-9b57-bc99388f918a,,46,60,UNCHECKED,,2785282,true,true,2023-10-25 Spring planning
,,,,11108354,2023-11-10 14:28:33.683,712020:6da66816-a4f9-4d28-9b57-bc99388f918a,,56,23,UNCHECKED,,2785282,true,true,Sprint 4
,,,,11468801,2023-11-15 08:45:03.507,712020:6da66816-a4f9-4d28-9b57-bc99388f918a,,57,34,UNCHECKED,,2785282,true,true,2023-11-15 Meeting notes
,,,,11960326,2023-11-17 13:58:23.765,712020:6da66816-a4f9-4d28-9b57-bc99388f918a,,58,32,UNCHECKED,,2785282,true,true,2023-11-17 Meeting notes
,"<span class=""placeholder-inline-tasks"">Discuss PoC working locally</span>",,,5931023,2023-10-06 12:23:14.81,712020:116940f7-840c-45c8-b9be-cc9c4e18c33c,,42,1,UNCHECKED,,2785282,true,true,PSP2 Sprint 1
,"<span class=""placeholder-inline-tasks""><ac:placeholder>Type your action, use @ to assign to someone.</ac:placeholder></span>",,,12976492,2023-11-25 13:23:20.904,712020:116940f7-840c-45c8-b9be-cc9c4e18c33c,,63,1,UNCHECKED,,2785282,true,true,PSP2 Sprint 4
,"<span class=""placeholder-inline-tasks"">Try to do more</span>",,,5406752,2023-10-04 08:33:33.492,712020:6da66816-a4f9-4d28-9b57-bc99388f918a,,34,111,UNCHECKED,2023-12-08 10:34:19.429,2785282,true,true,2023-10-04 Meeting notes
,"<span class=""placeholder-inline-tasks"">Take API into use and sort data which is needed</span>",,,5931023,2023-10-06 12:23:14.81,712020:116940f7-840c-45c8-b9be-cc9c4e18c33c,,43,6,UNCHECKED,,2785282,true,true,PSP2 Sprint 1
712020:09707e19-29ee-4956-a0db-affefd1c309f,"<span class=""placeholder-inline-tasks""><ac:link><ri:user ri:account-id=""712020:09707e19-29ee-4956-a0db-affefd1c309f"" /></ac:link> Look into the possibility of extracting Jira Timesheet reports via automation in Jira</span>",,,5931023,2023-10-06 12:23:14.81,712020:116940f7-840c-45c8-b9be-cc9c4e18c33c,,44,7,UNCHECKED,,2785282,true,true,PSP2 Sprint 1
,"<span class=""placeholder-inline-tasks"">If you don’t log hours, you die :(</span>",,,8486941,2023-10-27 13:22:37.149,712020:6da66816-a4f9-4d28-9b57-bc99388f918a,,47,1,UNCHECKED,,2785282,true,true,PSP2 Sprint 2
,"<span class=""placeholder-inline-tasks"">Add DoD and acceptance criteria when starting working on a task</span>",,,8486941,2023-10-27 13:22:37.149,712020:6da66816-a4f9-4d28-9b57-bc99388f918a,,48,32,UNCHECKED,,2785282,true,true,PSP2 Sprint 2
,"<span class=""placeholder-inline-tasks"">Add measurable sprint goals</span>",,,8486941,2023-10-27 13:22:37.149,712020:6da66816-a4f9-4d28-9b57-bc99388f918a,,49,33,UNCHECKED,,2785282,true,true,PSP2 Sprint 2
,"<span class=""placeholder-inline-tasks"">CI/CD should be setup</span>",,,11042818,2023-11-10 14:10:58.224,712020:116940f7-840c-45c8-b9be-cc9c4e18c33c,,53,1,UNCHECKED,,2785282,true,true,PSP2 Sprint 3
,"<span class=""placeholder-inline-tasks"">Inform if you are going to skip team meeting in advance</span>",,,11042818,2023-11-10 14:10:58.224,712020:116940f7-840c-45c8-b9be-cc9c4e18c33c,,54,5,UNCHECKED,,2785282,true,true,PSP2 Sprint 3
,"<span class=""placeholder-inline-tasks"">Push code on time, and inform other team mates</span>",,,11042818,2023-11-10 14:10:58.224,712020:116940f7-840c-45c8-b9be-cc9c4e18c33c,,55,6,UNCHECKED,,2785282,true,true,PSP2 Sprint 3
